{
  "version": 1,
  "author": "Himanshu Lal",
  "editor": "wokwi",
  "parts": [
    { "type": "wokwi-arduino-mega", "id": "mega", "top": 224.22, "left": 598.83, "attrs": {} },
    {
      "type": "wokwi-dht22",
      "id": "dht1",
      "top": -50.61,
      "left": 374.59,
      "attrs": { "temperature": "76.8", "humidity": "25" }
    },
    {
      "type": "wokwi-dht22",
      "id": "dht2",
      "top": 527.97,
      "left": 1306.73,
      "attrs": { "humidity": "14", "temperature": "80" }
    },
    {
      "type": "wokwi-dht22",
      "id": "dht3",
      "top": 530.32,
      "left": 363.96,
      "attrs": { "temperature": "80", "humidity": "38" }
    },
    {
      "type": "wokwi-dht22",
      "id": "dht4",
      "top": -46.27,
      "left": 1257.88,
      "attrs": { "temperature": "42.5", "humidity": "11.5" }
    },
    {
      "type": "wokwi-lcd1602",
      "id": "lcd1",
      "top": -68.52,
      "left": 626.73,
      "attrs": { "pins": "i2c" }
    },
    {
      "type": "wokwi-photoresistor-sensor",
      "id": "ldr1",
      "top": 565.26,
      "left": 679.53,
      "attrs": {}
    },
    {
      "type": "wokwi-servo",
      "id": "servo1",
      "top": -77.16,
      "left": 163.81,
      "rotate": 270,
      "attrs": {}
    },
    {
      "type": "wokwi-servo",
      "id": "servo2",
      "top": -74.3,
      "left": 1079.75,
      "rotate": 270,
      "attrs": {}
    },
    {
      "type": "wokwi-servo",
      "id": "servo3",
      "top": 507.16,
      "left": 158.42,
      "rotate": 270,
      "attrs": {}
    },
    {
      "type": "wokwi-servo",
      "id": "servo4",
      "top": 505.03,
      "left": 1099.24,
      "rotate": 270,
      "attrs": {}
    }
  ],
  "connections": [
    [ "dht1:VCC", "mega:5V.1", "red", [ "v33.03", "h563.68" ] ],
    [ "dht1:VCC", "servo1:V+", "red", [ "v33.03", "h-297.83" ] ],
    [ "lcd1:VCC", "mega:5V.1", "red", [ "h-53.48", "v124.34", "h415.82" ] ],
    [ "dht4:VCC", "mega:5V.1", "red", [ "v28.69", "h-1277.61" ] ],
    [ "dht4:VCC", "servo2:V+", "red", [ "v28.69", "h-1177.68" ] ],
    [ "dht1:GND", "mega:GND.1", "black", [ "v43.27", "h278.48" ] ],
    [ "servo1:GND", "mega:GND.1", "black", [ "v37.72", "h770.65" ] ],
    [ "lcd1:GND", "mega:GND.1", "black", [ "h-43.85", "v144.08", "h795.94" ] ],
    [ "servo2:GND", "mega:GND.1", "black", [ "v34.36", "h-1203.03" ] ],
    [ "dht4:GND", "mega:GND.1", "black", [ "v38.93", "h-1241.34" ] ],
    [ "servo3:GND", "dht2:GND", "black", [ "v51.48", "h1175.15" ] ],
    [ "dht3:GND", "servo3:GND", "black", [ "v60.42", "h-440.13" ] ],
    [ "dht3:GND", "ldr1:GND", "black", [ "v60.42", "h450.79", "v-195.59" ] ],
    [ "ldr1:GND", "servo4:GND", "black", [ "h11.22", "v114.38", "h590.17" ] ],
    [ "dht3:VCC", "dht2:VCC", "red", [ "v47.99", "h1015.65" ] ],
    [ "dht2:VCC", "servo4:V+", "red", [ "v50.34", "h-1186.61" ] ],
    [ "ldr1:VCC", "servo4:V+", "red", [ "h22.52", "v111.95", "h543.82" ] ],
    [ "dht3:VCC", "servo3:V+", "red", [ "v47.99", "h-162.44" ] ],
    [ "servo1:PWM", "mega:13", "green", [ "v49.02", "h1078.4" ] ],
    [ "servo2:PWM", "mega:12", "green", [ "v45.66", "h-1305.7" ] ],
    [ "mega:5V", "ldr1:VCC", "red", [ "v145.55", "h114.78" ] ],
    [ "mega:GND.2", "ldr1:GND", "black", [ "v136.18", "h113.35", "v45.81" ] ],
    [ "ldr1:AO", "mega:A0", "green", [ "h44.27", "v-81.47", "h-85.36" ] ],
    [ "dht1:SDA", "mega:5", "green", [ "v88.81", "h743.35" ] ],
    [ "dht4:SDA", "mega:4", "green", [ "v84.47", "h-1180.17" ] ],
    [ "lcd1:SDA", "mega:20", "green", [ "h-32.01", "v106.6", "h369.9" ] ],
    [ "lcd1:SCL", "mega:21", "green", [ "h-20.56", "v84.77", "h330.27" ] ],
    [ "servo3:PWM", "mega:11", "green", [ "v28.28", "h223.76", "v-549.84", "h984.51" ] ],
    [ "dht3:SDA", "mega:3", "green", [ "v24.84", "h108.87", "v-501.54", "h989.46" ] ],
    [ "servo4:PWM", "mega:10", "green", [ "v29.91", "h-82.51", "v-549.84", "h-866.86" ] ],
    [ "dht2:SDA", "mega:2", "green", [ "v27.19", "h-239.48", "v-501.54", "h-720.74" ] ]
  ]
}